hierarchyId	pCFID	name	verb	object	filePath
8.4.1.2	20768	Establish data, information, and analytic governance	Establish	Data, Information, And Analytic Governance	08-ManageInformationTechnologyIt/8.4-ManageInformation/8.4.1-DefineBusinessInformationAndAnalyticsStrategy/20768-EstablishDataInformationAndAnalyticGovernance.mdx
8.4.1.3	20769	Access IT data/analytic capabilities	Access	IT Data/analytic Capabilities	08-ManageInformationTechnologyIt/8.4-ManageInformation/8.4.1-DefineBusinessInformationAndAnalyticsStrategy/20769-AccessItDataAnalyticCapabilities.mdx
8.4.2	20770	Define and maintain business information architecture	Define	And Maintain Business Information Architecture	08-ManageInformationTechnologyIt/8.4-ManageInformation/8.4.2-DefineAndMaintainBusinessInformationArchitecture/index.mdx
8.4.2.1	20771	Determine enterprise business information requirements	Determine	Enterprise Business Information Requirements	08-ManageInformationTechnologyIt/8.4-ManageInformation/8.4.2-DefineAndMaintainBusinessInformationArchitecture/20771-DetermineEnterpriseBusinessInformationRequirements.mdx
8.4.2.2	20772	Define enterprise data models	Define	Enterprise Data Models	08-ManageInformationTechnologyIt/8.4-ManageInformation/8.4.2-DefineAndMaintainBusinessInformationArchitecture/20772-DefineEnterpriseDataModels.mdx
8.4.2.3	20773	Identify and understand external data sources	Identify	And Understand External Data Sources	08-ManageInformationTechnologyIt/8.4-ManageInformation/8.4.2-DefineAndMaintainBusinessInformationArchitecture/20773-IdentifyAndUnderstandExternalDataSources.mdx
8.4.2.4	20774	Establish  data ownership and stewardship responsibilities	Establish	Data Ownership And Stewardship Responsibilities	08-ManageInformationTechnologyIt/8.4-ManageInformation/8.4.2-DefineAndMaintainBusinessInformationArchitecture/20774-EstablishDataOwnershipAndStewardshipResponsibilities.mdx
8.4.2.5	20775	Maintain and evolve enterprise data and information architecture	Maintain	And Evolve Enterprise Data And Information Architecture	08-ManageInformationTechnologyIt/8.4-ManageInformation/8.4.2-DefineAndMaintainBusinessInformationArchitecture/20775-MaintainAndEvolveEnterpriseDataAndInformationArchitecture.mdx
8.4.3	20776	Define and execute business information lifecycle planning and control	Define	And Execute Business Information Lifecycle Planning And Control	08-ManageInformationTechnologyIt/8.4-ManageInformation/8.4.3-DefineAndExecuteBusinessInformationLifecyclePlanningAndControl/index.mdx
8.4.3.1	20777	Define and maintain enterprise information policies, standards, and procedures	Define	And Maintain Enterprise Information Policies, Standards, And Procedures	08-ManageInformationTechnologyIt/8.4-ManageInformation/8.4.3-DefineAndExecuteBusinessInformationLifecyclePlanningAndControl/20777-DefineAndMaintainEnterpriseInformationPoliciesStandardsAndProcedures.mdx
8.4.3.2	20778	Implement and execute data administration responsibilities	Implement	And Execute Data Administration Responsibilities	08-ManageInformationTechnologyIt/8.4-ManageInformation/8.4.3-DefineAndExecuteBusinessInformationLifecyclePlanningAndControl/20778-ImplementAndExecuteDataAdministrationResponsibilities.mdx
8.4.4	20779	Manage business information content	Manage	Business Information Content	08-ManageInformationTechnologyIt/8.4-ManageInformation/8.4.4-ManageBusinessInformationContent/index.mdx
8.4.4.1	20780	Monitor and control business information	Monitor	And Control Business Information	08-ManageInformationTechnologyIt/8.4-ManageInformation/8.4.4-ManageBusinessInformationContent/20780-MonitorAndControlBusinessInformation.mdx
8.4.4.2	20781	Maintain business information feeds and repositories	Maintain	Business Information Feeds And Repositories	08-ManageInformationTechnologyIt/8.4-ManageInformation/8.4.4-ManageBusinessInformationContent/20781-MaintainBusinessInformationFeedsAndRepositories.mdx
8.4.4.3	20782	Perform internal usage audits	Perform	Internal Usage Audits	08-ManageInformationTechnologyIt/8.4-ManageInformation/8.4.4-ManageBusinessInformationContent/20782-PerformInternalUsageAudits.mdx
8.4.4.4	20783	Implement and administer business information access	Implement	And Administer Business Information Access	08-ManageInformationTechnologyIt/8.4-ManageInformation/8.4.4-ManageBusinessInformationContent/20783-ImplementAndAdministerBusinessInformationAccess.mdx
8.5	20784	Develop and manage services/solutions	Develop	And Manage Services/solutions	08-ManageInformationTechnologyIt/8.5-DevelopAndManageServicesSolutions/index.mdx
8.5.1	20785	Develop service/solution and integration strategy	Develop	Service/solution And Integration Strategy	08-ManageInformationTechnologyIt/8.5-DevelopAndManageServicesSolutions/8.5.1-DevelopServiceSolutionAndIntegrationStrategy/index.mdx
8.5.1.1	20786	Determine IT service/solution development	Determine	IT Service/solution Development	08-ManageInformationTechnologyIt/8.5-DevelopAndManageServicesSolutions/8.5.1-DevelopServiceSolutionAndIntegrationStrategy/20786-DetermineItServiceSolutionDevelopment.mdx
8.5.1.2	20787	Define IT service/solution development processes/standards	Define	IT Service/solution Development Processes/standards	08-ManageInformationTechnologyIt/8.5-DevelopAndManageServicesSolutions/8.5.1-DevelopServiceSolutionAndIntegrationStrategy/20787-DefineItServiceSolutionDevelopmentProcessesStandards.mdx
8.5.1.3	20788	Identify, deploy, and support development methodologies and tools	Identify,	Deploy, And Support Development Methodologies And Tools	08-ManageInformationTechnologyIt/8.5-DevelopAndManageServicesSolutions/8.5.1-DevelopServiceSolutionAndIntegrationStrategy/20788-IdentifyDeployAndSupportDevelopmentMethodologiesAndTools.mdx
8.5.1.4	20789	Establish service component criteria	Establish	Service Component Criteria	08-ManageInformationTechnologyIt/8.5-DevelopAndManageServicesSolutions/8.5.1-DevelopServiceSolutionAndIntegrationStrategy/20789-EstablishServiceComponentCriteria.mdx
8.5.1.5	20790	Understand and select reusable service components	Understand	And Select Reusable Service Components	08-ManageInformationTechnologyIt/8.5-DevelopAndManageServicesSolutions/8.5.1-DevelopServiceSolutionAndIntegrationStrategy/20790-UnderstandAndSelectReusableServiceComponents.mdx
8.5.1.6	20791	Maintain service component portfolio	Maintain	Service Component Portfolio	08-ManageInformationTechnologyIt/8.5-DevelopAndManageServicesSolutions/8.5.1-DevelopServiceSolutionAndIntegrationStrategy/20791-MaintainServiceComponentPortfolio.mdx
8.5.1.7	20792	Establish development standards exception governance	Establish	Development Standards Exception Governance	08-ManageInformationTechnologyIt/8.5-DevelopAndManageServicesSolutions/8.5.1-DevelopServiceSolutionAndIntegrationStrategy/20792-EstablishDevelopmentStandardsExceptionGovernance.mdx
8.5.2	20793	Manage service/solution lifecycle planning	Manage	Service/solution Lifecycle Planning	08-ManageInformationTechnologyIt/8.5-DevelopAndManageServicesSolutions/8.5.2-ManageServiceSolutionLifecyclePlanning/index.mdx
8.5.2.1	20794	Monitor and track emerging technology capabilities	Monitor	And Track Emerging Technology Capabilities	08-ManageInformationTechnologyIt/8.5-DevelopAndManageServicesSolutions/8.5.2-ManageServiceSolutionLifecyclePlanning/20794-MonitorAndTrackEmergingTechnologyCapabilities.mdx
8.5.2.2	20795	Identify IT services/solutions	Identify	IT Services/solutions	08-ManageInformationTechnologyIt/8.5-DevelopAndManageServicesSolutions/8.5.2-ManageServiceSolutionLifecyclePlanning/20795-IdentifyItServicesSolutions.mdx
8.5.2.3	20796	Determine IT service/solution approach	Determine	IT Service/solution Approach	08-ManageInformationTechnologyIt/8.5-DevelopAndManageServicesSolutions/8.5.2-ManageServiceSolutionLifecyclePlanning/20796-DetermineItServiceSolutionApproach.mdx
8.5.2.4	20797	Define IT solution lifecycle	Define	IT Solution Lifecycle	08-ManageInformationTechnologyIt/8.5-DevelopAndManageServicesSolutions/8.5.2-ManageServiceSolutionLifecyclePlanning/20797-DefineItSolutionLifecycle.mdx
8.5.2.5	20798	Develop IT service/solution "sunset" plans	Develop	IT Service/solution "sunset" Plans	08-ManageInformationTechnologyIt/8.5-DevelopAndManageServicesSolutions/8.5.2-ManageServiceSolutionLifecyclePlanning/20798-DevelopItServiceSolutionSunsetPlans.mdx
8.5.3	20799	Develop and manage service/solution architecture	Develop	And Manage Service/solution Architecture	08-ManageInformationTechnologyIt/8.5-DevelopAndManageServicesSolutions/8.5.3-DevelopAndManageServiceSolutionArchitecture/index.mdx
8.5.3.1	20800	Assess IT application and infrastructure architecture constraints	Assess	IT Application And Infrastructure Architecture Constraints	08-ManageInformationTechnologyIt/8.5-DevelopAndManageServicesSolutions/8.5.3-DevelopAndManageServiceSolutionArchitecture/20800-AssessItApplicationAndInfrastructureArchitectureConstraints.mdx
8.5.3.2	20801	Assess business constraints on IT service/solution	Assess	Business Constraints On IT Service/solution	08-ManageInformationTechnologyIt/8.5-DevelopAndManageServicesSolutions/8.5.3-DevelopAndManageServiceSolutionArchitecture/20801-AssessBusinessConstraintsOnItServiceSolution.mdx
8.5.3.3	20802	Determine IT component integration requirements	Determine	IT Component Integration Requirements	08-ManageInformationTechnologyIt/8.5-DevelopAndManageServicesSolutions/8.5.3-DevelopAndManageServiceSolutionArchitecture/20802-DetermineItComponentIntegrationRequirements.mdx
8.5.3.4	20803	Identify opportunities for IT component reuse	Identify	Opportunities For IT Component Reuse	08-ManageInformationTechnologyIt/8.5-DevelopAndManageServicesSolutions/8.5.3-DevelopAndManageServiceSolutionArchitecture/20803-IdentifyOpportunitiesForItComponentReuse.mdx
8.5.3.5	20804	Promote adoption of existing service/solution architecture	Promote	Adoption Of Existing Service/solution Architecture	08-ManageInformationTechnologyIt/8.5-DevelopAndManageServicesSolutions/8.5.3-DevelopAndManageServiceSolutionArchitecture/20804-PromoteAdoptionOfExistingServiceSolutionArchitecture.mdx
8.5.3.6	20805	Develop and maintain service/solution architectures	Develop	And Maintain Service/solution Architectures	08-ManageInformationTechnologyIt/8.5-DevelopAndManageServicesSolutions/8.5.3-DevelopAndManageServiceSolutionArchitecture/20805-DevelopAndMaintainServiceSolutionArchitectures.mdx
8.5.3.7	20806	Assess IT service/solution architecture conformance	Assess	IT Service/solution Architecture Conformance	08-ManageInformationTechnologyIt/8.5-DevelopAndManageServicesSolutions/8.5.3-DevelopAndManageServiceSolutionArchitecture/20806-AssessItServiceSolutionArchitectureConformance.mdx
8.5.3.8	20807	Manage architectural exceptions	Manage	Architectural Exceptions	08-ManageInformationTechnologyIt/8.5-DevelopAndManageServicesSolutions/8.5.3-DevelopAndManageServiceSolutionArchitecture/20807-ManageArchitecturalExceptions.mdx
8.5.4	20808	Execute IT service/solution creation and testing	Execute	IT Service/solution Creation And Testing	08-ManageInformationTechnologyIt/8.5-DevelopAndManageServicesSolutions/8.5.4-ExecuteItServiceSolutionCreationAndTesting/index.mdx
8.5.4.1	20809	Execute IT service/solution development lifecycle	Execute	IT Service/solution Development Lifecycle	08-ManageInformationTechnologyIt/8.5-DevelopAndManageServicesSolutions/8.5.4-ExecuteItServiceSolutionCreationAndTesting/8.5.4.1-ExecuteItServiceSolutionDevelopmentLifecycle/index.mdx
8.5.4.1.1	20810	Assess and validate IT service/solution requirements	Assess	And Validate IT Service/solution Requirements	08-ManageInformationTechnologyIt/8.5-DevelopAndManageServicesSolutions/8.5.4-ExecuteItServiceSolutionCreationAndTesting/8.5.4.1-ExecuteItServiceSolutionDevelopmentLifecycle/20810-AssessAndValidateItServiceSolutionRequirements.mdx
8.5.4.1.2	20811	Create service/solution design	Create	Service/solution Design	08-ManageInformationTechnologyIt/8.5-DevelopAndManageServicesSolutions/8.5.4-ExecuteItServiceSolutionCreationAndTesting/8.5.4.1-ExecuteItServiceSolutionDevelopmentLifecycle/20811-CreateServiceSolutionDesign.mdx
8.5.4.1.3	20812	Build and test IT service/solution components	Build	And Test IT Service/solution Components	08-ManageInformationTechnologyIt/8.5-DevelopAndManageServicesSolutions/8.5.4-ExecuteItServiceSolutionCreationAndTesting/8.5.4.1-ExecuteItServiceSolutionDevelopmentLifecycle/20812-BuildAndTestItServiceSolutionComponents.mdx
8.5.4.1.4	20813	Integrate IT components and services	Integrate	IT Components And Services	08-ManageInformationTechnologyIt/8.5-DevelopAndManageServicesSolutions/8.5.4-ExecuteItServiceSolutionCreationAndTesting/8.5.4.1-ExecuteItServiceSolutionDevelopmentLifecycle/20813-IntegrateItComponentsAndServices.mdx
8.5.4.1.5	20814	Execute IT service/solution validation	Execute	IT Service/solution Validation	08-ManageInformationTechnologyIt/8.5-DevelopAndManageServicesSolutions/8.5.4-ExecuteItServiceSolutionCreationAndTesting/8.5.4.1-ExecuteItServiceSolutionDevelopmentLifecycle/20814-ExecuteItServiceSolutionValidation.mdx
8.5.4.1.6	20815	Bundle service/solution deployment packaging	Bundle	Service/solution Deployment Packaging	08-ManageInformationTechnologyIt/8.5-DevelopAndManageServicesSolutions/8.5.4-ExecuteItServiceSolutionCreationAndTesting/8.5.4.1-ExecuteItServiceSolutionDevelopmentLifecycle/20815-BundleServiceSolutionDeploymentPackaging.mdx
8.5.4.1.7	20816	Manage service/solution process exceptions	Manage	Service/solution Process Exceptions	08-ManageInformationTechnologyIt/8.5-DevelopAndManageServicesSolutions/8.5.4-ExecuteItServiceSolutionCreationAndTesting/8.5.4.1-ExecuteItServiceSolutionDevelopmentLifecycle/20816-ManageServiceSolutionProcessExceptions.mdx
8.5.5	20817	Perform service/solution maintenance and testing	Perform	Service/solution Maintenance And Testing	08-ManageInformationTechnologyIt/8.5-DevelopAndManageServicesSolutions/8.5.5-PerformServiceSolutionMaintenanceAndTesting/index.mdx
8.5.5.1	20818	Execute IT service/solution maintenance lifecycle	Execute	IT Service/solution Maintenance Lifecycle	08-ManageInformationTechnologyIt/8.5-DevelopAndManageServicesSolutions/8.5.5-PerformServiceSolutionMaintenanceAndTesting/8.5.5.1-ExecuteItServiceSolutionMaintenanceLifecycle/index.mdx
8.5.5.1.1	20819	Assess IT remediation	Assess	IT Remediation	08-ManageInformationTechnologyIt/8.5-DevelopAndManageServicesSolutions/8.5.5-PerformServiceSolutionMaintenanceAndTesting/8.5.5.1-ExecuteItServiceSolutionMaintenanceLifecycle/20819-AssessItRemediation.mdx
8.5.5.1.2	20820	Modify service/solution design	Modify	Service/solution Design	08-ManageInformationTechnologyIt/8.5-DevelopAndManageServicesSolutions/8.5.5-PerformServiceSolutionMaintenanceAndTesting/8.5.5.1-ExecuteItServiceSolutionMaintenanceLifecycle/20820-ModifyServiceSolutionDesign.mdx
8.5.5.1.3	20821	Perform IT service/solution remediation	Perform	IT Service/solution Remediation	08-ManageInformationTechnologyIt/8.5-DevelopAndManageServicesSolutions/8.5.5-PerformServiceSolutionMaintenanceAndTesting/8.5.5.1-ExecuteItServiceSolutionMaintenanceLifecycle/20821-PerformItServiceSolutionRemediation.mdx
8.5.5.1.4	20822	Manage service/solution operations	Manage	Service/solution Operations	08-ManageInformationTechnologyIt/8.5-DevelopAndManageServicesSolutions/8.5.5-PerformServiceSolutionMaintenanceAndTesting/8.5.5.1-ExecuteItServiceSolutionMaintenanceLifecycle/20822-ManageServiceSolutionOperations.mdx
8.5.5.1.5	20823	Prepare fixed/enhanced service/solution packaging	Prepare	Fixed/enhanced Service/solution Packaging	08-ManageInformationTechnologyIt/8.5-DevelopAndManageServicesSolutions/8.5.5-PerformServiceSolutionMaintenanceAndTesting/8.5.5.1-ExecuteItServiceSolutionMaintenanceLifecycle/20823-PrepareFixedEnhancedServiceSolutionPackaging.mdx
8.6	20824	Deploy services/solutions	Deploy	Services/solutions	08-ManageInformationTechnologyIt/8.6-DeployServicesSolutions/index.mdx
8.6.1	20825	Develop and manage service/solution deployment strategy	Develop	And Manage Service/solution Deployment Strategy	08-ManageInformationTechnologyIt/8.6-DeployServicesSolutions/8.6.1-DevelopAndManageServiceSolutionDeploymentStrategy/index.mdx
8.6.1.1	20826	Assess IT deployment business impact	Assess	IT Deployment Business Impact	08-ManageInformationTechnologyIt/8.6-DeployServicesSolutions/8.6.1-DevelopAndManageServiceSolutionDeploymentStrategy/20826-AssessItDeploymentBusinessImpact.mdx
8.6.1.2	20827	Establish IT deployment policies	Establish	IT Deployment Policies	08-ManageInformationTechnologyIt/8.6-DeployServicesSolutions/8.6.1-DevelopAndManageServiceSolutionDeploymentStrategy/20827-EstablishItDeploymentPolicies.mdx
8.6.1.3	20828	Define and create deployment procedure workflow	Define	And Create Deployment Procedure Workflow	08-ManageInformationTechnologyIt/8.6-DeployServicesSolutions/8.6.1-DevelopAndManageServiceSolutionDeploymentStrategy/20828-DefineAndCreateDeploymentProcedureWorkflow.mdx
8.6.1.4	20829	Define IT change/release standards	Define	IT Change/release Standards	08-ManageInformationTechnologyIt/8.6-DeployServicesSolutions/8.6.1-DevelopAndManageServiceSolutionDeploymentStrategy/20829-DefineItChangeReleaseStandards.mdx
8.6.1.5	20830	Assign deployment approval responsibilities	Assign	Deployment Approval Responsibilities	08-ManageInformationTechnologyIt/8.6-DeployServicesSolutions/8.6.1-DevelopAndManageServiceSolutionDeploymentStrategy/20830-AssignDeploymentApprovalResponsibilities.mdx
8.6.1.6	20831	Analyze deployments outcomes	Analyze	Deployments Outcomes	08-ManageInformationTechnologyIt/8.6-DeployServicesSolutions/8.6.1-DevelopAndManageServiceSolutionDeploymentStrategy/20831-AnalyzeDeploymentsOutcomes.mdx
8.6.2	20832	Plan service and solution implementation	Plan	Service And Solution Implementation	08-ManageInformationTechnologyIt/8.6-DeployServicesSolutions/8.6.2-PlanServiceAndSolutionImplementation/index.mdx
8.6.2.1	20833	Assess IT deployment risk	Assess	IT Deployment Risk	08-ManageInformationTechnologyIt/8.6-DeployServicesSolutions/8.6.2-PlanServiceAndSolutionImplementation/20833-AssessItDeploymentRisk.mdx
8.6.2.2	20834	Define implementation schedule and roll-out sequence	Define	Implementation Schedule And Roll-out Sequence	08-ManageInformationTechnologyIt/8.6-DeployServicesSolutions/8.6.2-PlanServiceAndSolutionImplementation/20834-DefineImplementationScheduleAndRollOutSequence.mdx
8.6.2.3	20835	Determine implementation requirements	Determine	Implementation Requirements	08-ManageInformationTechnologyIt/8.6-DeployServicesSolutions/8.6.2-PlanServiceAndSolutionImplementation/20835-DetermineImplementationRequirements.mdx
8.6.2.4	20836	Plan and align user testing and resources	Plan	And Align User Testing And Resources	08-ManageInformationTechnologyIt/8.6-DeployServicesSolutions/8.6.2-PlanServiceAndSolutionImplementation/20836-PlanAndAlignUserTestingAndResources.mdx
8.6.2.5	20837	Develop IT training	Develop	IT Training	08-ManageInformationTechnologyIt/8.6-DeployServicesSolutions/8.6.2-PlanServiceAndSolutionImplementation/20837-DevelopItTraining.mdx
8.6.2.6	20838	Create implementation communications	Create	Implementation Communications	08-ManageInformationTechnologyIt/8.6-DeployServicesSolutions/8.6.2-PlanServiceAndSolutionImplementation/20838-CreateImplementationCommunications.mdx
8.6.2.7	20839	Manage IT roll-back procedures	Manage	IT Roll-back Procedures	08-ManageInformationTechnologyIt/8.6-DeployServicesSolutions/8.6.2-PlanServiceAndSolutionImplementation/20839-ManageItRollBackProcedures.mdx
8.6.3	20840	Manage change deployment control	Manage	Change Deployment Control	08-ManageInformationTechnologyIt/8.6-DeployServicesSolutions/8.6.3-ManageChangeDeploymentControl/index.mdx
8.6.3.1	20841	Asses IT change/release impact	Asses	IT Change/release Impact	08-ManageInformationTechnologyIt/8.6-DeployServicesSolutions/8.6.3-ManageChangeDeploymentControl/20841-AssesItChangeReleaseImpact.mdx
8.6.3.2	20842	Confirm change/release compliance	Confirm	Change/release Compliance	08-ManageInformationTechnologyIt/8.6-DeployServicesSolutions/8.6.3-ManageChangeDeploymentControl/20842-ConfirmChangeReleaseCompliance.mdx
8.6.3.3	20843	Assess IT change/release risk	Assess	IT Change/release Risk	08-ManageInformationTechnologyIt/8.6-DeployServicesSolutions/8.6.3-ManageChangeDeploymentControl/20843-AssessItChangeReleaseRisk.mdx
8.6.3.4	20844	Consolidate IT change	Consolidate	IT Change	08-ManageInformationTechnologyIt/8.6-DeployServicesSolutions/8.6.3-ManageChangeDeploymentControl/20844-ConsolidateItChange.mdx
8.6.3.5	20845	Create and communicate deployment schedule	Create	And Communicate Deployment Schedule	08-ManageInformationTechnologyIt/8.6-DeployServicesSolutions/8.6.3-ManageChangeDeploymentControl/20845-CreateAndCommunicateDeploymentSchedule.mdx
8.6.3.6	20846	Approve change/release deployment	Approve	Change/release Deployment	08-ManageInformationTechnologyIt/8.6-DeployServicesSolutions/8.6.3-ManageChangeDeploymentControl/20846-ApproveChangeReleaseDeployment.mdx
8.6.3.7	20847	Document IT change/release outcome	Document	IT Change/release Outcome	08-ManageInformationTechnologyIt/8.6-DeployServicesSolutions/8.6.3-ManageChangeDeploymentControl/20847-DocumentItChangeReleaseOutcome.mdx
8.6.4	20848	Implement technology solutions	Implement	Technology Solutions	08-ManageInformationTechnologyIt/8.6-DeployServicesSolutions/8.6.4-ImplementTechnologySolutions/index.mdx
8.6.4.1	20849	Confirm hardware/software operational status	Confirm	Hardware/software Operational Status	08-ManageInformationTechnologyIt/8.6-DeployServicesSolutions/8.6.4-ImplementTechnologySolutions/20849-ConfirmHardwareSoftwareOperationalStatus.mdx
8.6.4.2	20850	Confirm operational availability	Confirm	Operational Availability	08-ManageInformationTechnologyIt/8.6-DeployServicesSolutions/8.6.4-ImplementTechnologySolutions/20850-ConfirmOperationalAvailability.mdx
8.6.4.3	20851	Execute internal IT implementation plan	Execute	Internal IT Implementation Plan	08-ManageInformationTechnologyIt/8.6-DeployServicesSolutions/8.6.4-ImplementTechnologySolutions/20851-ExecuteInternalItImplementationPlan.mdx
8.6.4.4	20852	Confirm implementation completion	Confirm	Implementation Completion	08-ManageInformationTechnologyIt/8.6-DeployServicesSolutions/8.6.4-ImplementTechnologySolutions/20852-ConfirmImplementationCompletion.mdx
8.6.4.5	20853	Implement software change/release	Implement	Software Change/release	08-ManageInformationTechnologyIt/8.6-DeployServicesSolutions/8.6.4-ImplementTechnologySolutions/20853-ImplementSoftwareChangeRelease.mdx
8.6.4.6	20854	Perform post-installation testing	Perform	Post-installation Testing	08-ManageInformationTechnologyIt/8.6-DeployServicesSolutions/8.6.4-ImplementTechnologySolutions/20854-PerformPostInstallationTesting.mdx
8.6.4.7	20855	Distribute software components network-wide	Distribute	Software Components Network-wide	08-ManageInformationTechnologyIt/8.6-DeployServicesSolutions/8.6.4-ImplementTechnologySolutions/20855-DistributeSoftwareComponentsNetworkWide.mdx
8.6.4.8	20856	Verify change/release implementation success	Verify	Change/release Implementation Success	08-ManageInformationTechnologyIt/8.6-DeployServicesSolutions/8.6.4-ImplementTechnologySolutions/20856-VerifyChangeReleaseImplementationSuccess.mdx
8.6.4.9	20857	Execute roll-back plan	Execute	Roll-back Plan	08-ManageInformationTechnologyIt/8.6-DeployServicesSolutions/8.6.4-ImplementTechnologySolutions/20857-ExecuteRollBackPlan.mdx
8.6.5	20858	Perform service and solution rollout	Perform	Service And Solution Rollout	08-ManageInformationTechnologyIt/8.6-DeployServicesSolutions/8.6.5-PerformServiceAndSolutionRollout/index.mdx
8.6.5.1	20859	Conduct IT training	Conduct	IT Training	08-ManageInformationTechnologyIt/8.6-DeployServicesSolutions/8.6.5-PerformServiceAndSolutionRollout/20859-ConductItTraining.mdx
8.6.5.2	20860	Prepare and distribute service/solution communications	Prepare	And Distribute Service/solution Communications	08-ManageInformationTechnologyIt/8.6-DeployServicesSolutions/8.6.5-PerformServiceAndSolutionRollout/20860-PrepareAndDistributeServiceSolutionCommunications.mdx
8.6.5.3	20861	Support organizational changes	Support	Organizational Changes	08-ManageInformationTechnologyIt/8.6-DeployServicesSolutions/8.6.5-PerformServiceAndSolutionRollout/20861-SupportOrganizationalChanges.mdx
8.6.5.4	20862	Execute rollout plans	Execute	Rollout Plans	08-ManageInformationTechnologyIt/8.6-DeployServicesSolutions/8.6.5-PerformServiceAndSolutionRollout/20862-ExecuteRolloutPlans.mdx
8.6.5.5	20863	Provide rollout support	Provide	Rollout Support	08-ManageInformationTechnologyIt/8.6-DeployServicesSolutions/8.6.5-PerformServiceAndSolutionRollout/20863-ProvideRolloutSupport.mdx
8.6.5.6	20864	Manage rollout support capabilities	Manage	Rollout Support Capabilities	08-ManageInformationTechnologyIt/8.6-DeployServicesSolutions/8.6.5-PerformServiceAndSolutionRollout/20864-ManageRolloutSupportCapabilities.mdx
8.6.5.7	20865	Monitor and record rollout issues	Monitor	And Record Rollout Issues	08-ManageInformationTechnologyIt/8.6-DeployServicesSolutions/8.6.5-PerformServiceAndSolutionRollout/20865-MonitorAndRecordRolloutIssues.mdx
8.7	20866	Create and manage support services/solutions	Create	And Manage Support Services/solutions	08-ManageInformationTechnologyIt/8.7-CreateAndManageSupportServicesSolutions/index.mdx
8.7.1	20867	Define and establish service delivery strategy	Define	And Establish Service Delivery Strategy	08-ManageInformationTechnologyIt/8.7-CreateAndManageSupportServicesSolutions/8.7.1-DefineAndEstablishServiceDeliveryStrategy/index.mdx
8.7.1.1	20868	Assess business objectives and IT service delivery	Assess	Business Objectives And IT Service Delivery	08-ManageInformationTechnologyIt/8.7-CreateAndManageSupportServicesSolutions/8.7.1-DefineAndEstablishServiceDeliveryStrategy/20868-AssessBusinessObjectivesAndItServiceDelivery.mdx
8.7.1.2	20869	Define IT service delivery portfolio	Define	IT Service Delivery Portfolio	08-ManageInformationTechnologyIt/8.7-CreateAndManageSupportServicesSolutions/8.7.1-DefineAndEstablishServiceDeliveryStrategy/20869-DefineItServiceDeliveryPortfolio.mdx
8.7.1.3	20870	Create and maintain IT service delivery model	Create	And Maintain IT Service Delivery Model	08-ManageInformationTechnologyIt/8.7-CreateAndManageSupportServicesSolutions/8.7.1-DefineAndEstablishServiceDeliveryStrategy/20870-CreateAndMaintainItServiceDeliveryModel.mdx
8.7.1.4	20871	Determine IT service delivery locations and activities	Determine	IT Service Delivery Locations And Activities	08-ManageInformationTechnologyIt/8.7-CreateAndManageSupportServicesSolutions/8.7.1-DefineAndEstablishServiceDeliveryStrategy/20871-DetermineItServiceDeliveryLocationsAndActivities.mdx
8.7.1.5	20872	Define IT service delivery sourcing strategy	Define	IT Service Delivery Sourcing Strategy	08-ManageInformationTechnologyIt/8.7-CreateAndManageSupportServicesSolutions/8.7.1-DefineAndEstablishServiceDeliveryStrategy/20872-DefineItServiceDeliverySourcingStrategy.mdx
8.7.2	20873	Define and develop service support strategy	Define	And Develop Service Support Strategy	08-ManageInformationTechnologyIt/8.7-CreateAndManageSupportServicesSolutions/8.7.2-DefineAndDevelopServiceSupportStrategy/index.mdx
8.7.2.1	20874	Assess business objectives and IT service support delivery	Assess	Business Objectives And IT Service Support Delivery	08-ManageInformationTechnologyIt/8.7-CreateAndManageSupportServicesSolutions/8.7.2-DefineAndDevelopServiceSupportStrategy/20874-AssessBusinessObjectivesAndItServiceSupportDelivery.mdx
8.7.2.2	20875	Define IT service support portfolio	Define	IT Service Support Portfolio	08-ManageInformationTechnologyIt/8.7-CreateAndManageSupportServicesSolutions/8.7.2-DefineAndDevelopServiceSupportStrategy/20875-DefineItServiceSupportPortfolio.mdx
8.7.2.3	20876	Create and maintain IT support model	Create	And Maintain IT Support Model	08-ManageInformationTechnologyIt/8.7-CreateAndManageSupportServicesSolutions/8.7.2-DefineAndDevelopServiceSupportStrategy/20876-CreateAndMaintainItSupportModel.mdx
8.7.2.4	20877	Develop IT support service sourcing strategy	Develop	IT Support Service Sourcing Strategy	08-ManageInformationTechnologyIt/8.7-CreateAndManageSupportServicesSolutions/8.7.2-DefineAndDevelopServiceSupportStrategy/20877-DevelopItSupportServiceSourcingStrategy.mdx
8.7.2.5	20878	Establish support service framework	Establish	Support Service Framework	08-ManageInformationTechnologyIt/8.7-CreateAndManageSupportServicesSolutions/8.7.2-DefineAndDevelopServiceSupportStrategy/20878-EstablishSupportServiceFramework.mdx
8.7.2.6	20879	Provide service support tools and technology	Provide	Service Support Tools And Technology	08-ManageInformationTechnologyIt/8.7-CreateAndManageSupportServicesSolutions/8.7.2-DefineAndDevelopServiceSupportStrategy/20879-ProvideServiceSupportToolsAndTechnology.mdx
8.7.3	20880	Plan and manage service delivery control	Plan	And Manage Service Delivery Control	08-ManageInformationTechnologyIt/8.7-CreateAndManageSupportServicesSolutions/8.7.3-PlanAndManageServiceDeliveryControl/index.mdx
8.7.3.1	20881	Plan operational activities for IT service delivery	Plan	Operational Activities For IT Service Delivery	08-ManageInformationTechnologyIt/8.7-CreateAndManageSupportServicesSolutions/8.7.3-PlanAndManageServiceDeliveryControl/8.7.3.1-PlanOperationalActivitiesForItServiceDelivery/index.mdx
8.7.3.1.1	20882	Schedule service delivery resources	Schedule	Service Delivery Resources	08-ManageInformationTechnologyIt/8.7-CreateAndManageSupportServicesSolutions/8.7.3-PlanAndManageServiceDeliveryControl/8.7.3.1-PlanOperationalActivitiesForItServiceDelivery/20882-ScheduleServiceDeliveryResources.mdx
8.7.3.1.2	20883	Maintain/optimize batch job schedule	Maintain/optimize	Batch Job Schedule	08-ManageInformationTechnologyIt/8.7-CreateAndManageSupportServicesSolutions/8.7.3-PlanAndManageServiceDeliveryControl/8.7.3.1-PlanOperationalActivitiesForItServiceDelivery/20883-MaintainOptimizeBatchJobSchedule.mdx
8.7.3.1.3	20884	Schedule change/release windows	Schedule	Change/release Windows	08-ManageInformationTechnologyIt/8.7-CreateAndManageSupportServicesSolutions/8.7.3-PlanAndManageServiceDeliveryControl/8.7.3.1-PlanOperationalActivitiesForItServiceDelivery/20884-ScheduleChangeReleaseWindows.mdx
8.7.3.1.4	20885	Schedule/optimize backup and archive activities	Schedule/optimize	Backup And Archive Activities	08-ManageInformationTechnologyIt/8.7-CreateAndManageSupportServicesSolutions/8.7.3-PlanAndManageServiceDeliveryControl/8.7.3.1-PlanOperationalActivitiesForItServiceDelivery/20885-ScheduleOptimizeBackupAndArchiveActivities.mdx
8.7.3.1.5	20886	Balance operational workloads across available infrastructure components	Balance	Operational Workloads Across Available Infrastructure Components	08-ManageInformationTechnologyIt/8.7-CreateAndManageSupportServicesSolutions/8.7.3-PlanAndManageServiceDeliveryControl/8.7.3.1-PlanOperationalActivitiesForItServiceDelivery/20886-BalanceOperationalWorkloadsAcrossAvailableInfrastructureComponents.mdx
8.7.3.1.6	20887	Determine specific problem support procedures	Determine	Specific Problem Support Procedures	08-ManageInformationTechnologyIt/8.7-CreateAndManageSupportServicesSolutions/8.7.3-PlanAndManageServiceDeliveryControl/8.7.3.1-PlanOperationalActivitiesForItServiceDelivery/20887-DetermineSpecificProblemSupportProcedures.mdx
8.7.4	20888	Develop and manage infrastructure resource planning	Develop	And Manage Infrastructure Resource Planning	08-ManageInformationTechnologyIt/8.7-CreateAndManageSupportServicesSolutions/8.7.4-DevelopAndManageInfrastructureResourcePlanning/index.mdx
8.7.4.1	20889	Develop IT service delivery strategy	Develop	IT Service Delivery Strategy	08-ManageInformationTechnologyIt/8.7-CreateAndManageSupportServicesSolutions/8.7.4-DevelopAndManageInfrastructureResourcePlanning/20889-DevelopItServiceDeliveryStrategy.mdx
8.7.4.2	20890	Assess IT infrastructure business objectives	Assess	IT Infrastructure Business Objectives	08-ManageInformationTechnologyIt/8.7-CreateAndManageSupportServicesSolutions/8.7.4-DevelopAndManageInfrastructureResourcePlanning/20890-AssessItInfrastructureBusinessObjectives.mdx
8.7.4.3	20891	Determine ongoing IT infrastructure capabilities	Determine	Ongoing IT Infrastructure Capabilities	08-ManageInformationTechnologyIt/8.7-CreateAndManageSupportServicesSolutions/8.7.4-DevelopAndManageInfrastructureResourcePlanning/20891-DetermineOngoingItInfrastructureCapabilities.mdx
8.7.4.4	20892	Plan IT infrastructure change	Plan	IT Infrastructure Change	08-ManageInformationTechnologyIt/8.7-CreateAndManageSupportServicesSolutions/8.7.4-DevelopAndManageInfrastructureResourcePlanning/20892-PlanItInfrastructureChange.mdx
8.7.4.5	20893	Plan and budget IT license usage volumes	Plan	And Budget IT License Usage Volumes	08-ManageInformationTechnologyIt/8.7-CreateAndManageSupportServicesSolutions/8.7.4-DevelopAndManageInfrastructureResourcePlanning/20893-PlanAndBudgetItLicenseUsageVolumes.mdx
8.7.5	20895	Define service support planning	Define	Service Support Planning	08-ManageInformationTechnologyIt/8.7-CreateAndManageSupportServicesSolutions/8.7.5-DefineServiceSupportPlanning/index.mdx
8.7.5.1	20896	Understand IT support demand patterns	Understand	IT Support Demand Patterns	08-ManageInformationTechnologyIt/8.7-CreateAndManageSupportServicesSolutions/8.7.5-DefineServiceSupportPlanning/20896-UnderstandItSupportDemandPatterns.mdx
8.7.5.2	20897	Determine required support resource levels, responsibilities, and capabilities	Determine	Required Support Resource Levels, Responsibilities, And Capabilities	08-ManageInformationTechnologyIt/8.7-CreateAndManageSupportServicesSolutions/8.7.5-DefineServiceSupportPlanning/20897-DetermineRequiredSupportResourceLevelsResponsibilitiesAndCapabilities.mdx
8.7.5.3	20898	Maintain service support knowledge repository	Maintain	Service Support Knowledge Repository	08-ManageInformationTechnologyIt/8.7-CreateAndManageSupportServicesSolutions/8.7.5-DefineServiceSupportPlanning/20898-MaintainServiceSupportKnowledgeRepository.mdx
8.7.5.4	20943	Maintain service support learning	Maintain	Service Support Learning	08-ManageInformationTechnologyIt/8.7-CreateAndManageSupportServicesSolutions/8.7.5-DefineServiceSupportPlanning/20943-MaintainServiceSupportLearning.mdx
8.7.5.5	20899	Communicate service support needs	Communicate	Service Support Needs	08-ManageInformationTechnologyIt/8.7-CreateAndManageSupportServicesSolutions/8.7.5-DefineServiceSupportPlanning/20899-CommunicateServiceSupportNeeds.mdx
8.7.5.6	20900	Define IT escalation mechanisms	Define	IT Escalation Mechanisms	08-ManageInformationTechnologyIt/8.7-CreateAndManageSupportServicesSolutions/8.7.5-DefineServiceSupportPlanning/20900-DefineItEscalationMechanisms.mdx
8.7.5.7	20901	Manage IT service support resources	Manage	IT Service Support Resources	08-ManageInformationTechnologyIt/8.7-CreateAndManageSupportServicesSolutions/8.7.5-DefineServiceSupportPlanning/20901-ManageItServiceSupportResources.mdx
8.7.5.8	20902	Coordinate with external support providers	Coordinate	With External Support Providers	08-ManageInformationTechnologyIt/8.7-CreateAndManageSupportServicesSolutions/8.7.5-DefineServiceSupportPlanning/20902-CoordinateWithExternalSupportProviders.mdx
8.7.5.9	20903	Triage IT service delivery incidents	Triage	IT Service Delivery Incidents	08-ManageInformationTechnologyIt/8.7-CreateAndManageSupportServicesSolutions/8.7.5-DefineServiceSupportPlanning/20903-TriageItServiceDeliveryIncidents.mdx
8.7.5.10	20904	Monitor IT service support performance	Monitor	IT Service Support Performance	08-ManageInformationTechnologyIt/8.7-CreateAndManageSupportServicesSolutions/8.7.5-DefineServiceSupportPlanning/20904-MonitorItServiceSupportPerformance.mdx
8.7.6	20905	Develop and manage service delivery operations	Develop	And Manage Service Delivery Operations	08-ManageInformationTechnologyIt/8.7-CreateAndManageSupportServicesSolutions/8.7.6-DevelopAndManageServiceDeliveryOperations/index.mdx
8.7.6.1	20906	Operate and monitor online systems	Operate	And Monitor Online Systems	08-ManageInformationTechnologyIt/8.7-CreateAndManageSupportServicesSolutions/8.7.6-DevelopAndManageServiceDeliveryOperations/20906-OperateAndMonitorOnlineSystems.mdx
8.7.6.2	20907	Run and monitor batch job schedule	Run	And Monitor Batch Job Schedule	08-ManageInformationTechnologyIt/8.7-CreateAndManageSupportServicesSolutions/8.7.6-DevelopAndManageServiceDeliveryOperations/20907-RunAndMonitorBatchJobSchedule.mdx
8.7.6.3	20908	Manage service delivery workloads	Manage	Service Delivery Workloads	08-ManageInformationTechnologyIt/8.7-CreateAndManageSupportServicesSolutions/8.7.6-DevelopAndManageServiceDeliveryOperations/20908-ManageServiceDeliveryWorkloads.mdx
8.7.6.4	20909	Manage infrastructure performance and capacity	Manage	Infrastructure Performance And Capacity	08-ManageInformationTechnologyIt/8.7-CreateAndManageSupportServicesSolutions/8.7.6-DevelopAndManageServiceDeliveryOperations/20909-ManageInfrastructurePerformanceAndCapacity.mdx
8.7.6.5	20910	Respond to unplanned operational issues	Respond	To Unplanned Operational Issues	08-ManageInformationTechnologyIt/8.7-CreateAndManageSupportServicesSolutions/8.7.6-DevelopAndManageServiceDeliveryOperations/20910-RespondToUnplannedOperationalIssues.mdx
8.7.6.6	20911	Produce and distribute output media	Produce	And Distribute Output Media	08-ManageInformationTechnologyIt/8.7-CreateAndManageSupportServicesSolutions/8.7.6-DevelopAndManageServiceDeliveryOperations/20911-ProduceAndDistributeOutputMedia.mdx
8.7.6.7	20912	Monitor IT infrastructure security	Monitor	IT Infrastructure Security	08-ManageInformationTechnologyIt/8.7-CreateAndManageSupportServicesSolutions/8.7.6-DevelopAndManageServiceDeliveryOperations/20912-MonitorItInfrastructureSecurity.mdx
8.7.6.8	20913	Manage IT infrastructure/data recovery	Manage	IT Infrastructure/data Recovery	08-ManageInformationTechnologyIt/8.7-CreateAndManageSupportServicesSolutions/8.7.6-DevelopAndManageServiceDeliveryOperations/20913-ManageItInfrastructureDataRecovery.mdx
8.7.7	20914	Manage infrastructure resource administration	Manage	Infrastructure Resource Administration	08-ManageInformationTechnologyIt/8.7-CreateAndManageSupportServicesSolutions/8.7.7-ManageInfrastructureResourceAdministration/index.mdx
8.7.7.1	20915	Manage infrastructure configuration	Manage	Infrastructure Configuration	08-ManageInformationTechnologyIt/8.7-CreateAndManageSupportServicesSolutions/8.7.7-ManageInfrastructureResourceAdministration/20915-ManageInfrastructureConfiguration.mdx
8.7.7.2	20916	Perform infrastructure component maintenance	Perform	Infrastructure Component Maintenance	08-ManageInformationTechnologyIt/8.7-CreateAndManageSupportServicesSolutions/8.7.7-ManageInfrastructureResourceAdministration/20916-PerformInfrastructureComponentMaintenance.mdx
8.7.7.3	20917	Install/configure/upgrade infrastructure components	Install/configure/upgrade	Infrastructure Components	08-ManageInformationTechnologyIt/8.7-CreateAndManageSupportServicesSolutions/8.7.7-ManageInfrastructureResourceAdministration/20917-InstallConfigureUpgradeInfrastructureComponents.mdx
8.7.7.4	20918	Maintain IT asset records	Maintain	IT Asset Records	08-ManageInformationTechnologyIt/8.7-CreateAndManageSupportServicesSolutions/8.7.7-ManageInfrastructureResourceAdministration/20918-MaintainItAssetRecords.mdx
8.7.7.5	20919	Administer IT licenses/user agreements	Administer	IT Licenses/user Agreements	08-ManageInformationTechnologyIt/8.7-CreateAndManageSupportServicesSolutions/8.7.7-ManageInfrastructureResourceAdministration/20919-AdministerItLicensesUserAgreements.mdx
8.7.7.6	20920	Provide IT infrastructure service and capabilities	Provide	IT Infrastructure Service And Capabilities	08-ManageInformationTechnologyIt/8.7-CreateAndManageSupportServicesSolutions/8.7.7-ManageInfrastructureResourceAdministration/20920-ProvideItInfrastructureServiceAndCapabilities.mdx
8.7.8	20921	Operate IT user support	Operate	IT User Support	08-ManageInformationTechnologyIt/8.7-CreateAndManageSupportServicesSolutions/8.7.8-OperateItUserSupport/index.mdx
8.7.8.1	20922	Triage IT issues/requests	Triage	IT Issues/requests	08-ManageInformationTechnologyIt/8.7-CreateAndManageSupportServicesSolutions/8.7.8-OperateItUserSupport/20922-TriageItIssuesRequests.mdx
8.7.8.2	20923	Provide IT resolution capabilities	Provide	IT Resolution Capabilities	08-ManageInformationTechnologyIt/8.7-CreateAndManageSupportServicesSolutions/8.7.8-OperateItUserSupport/20923-ProvideItResolutionCapabilities.mdx
8.7.8.3	20925	Manage IT user requests	Manage	IT User Requests	08-ManageInformationTechnologyIt/8.7-CreateAndManageSupportServicesSolutions/8.7.8-OperateItUserSupport/20925-ManageItUserRequests.mdx
8.7.8.4	20926	Escalate IT requests	Escalate	IT Requests	08-ManageInformationTechnologyIt/8.7-CreateAndManageSupportServicesSolutions/8.7.8-OperateItUserSupport/20926-EscalateItRequests.mdx
8.7.8.5	20927	Resolve IT issues/requests	Resolve	IT Issues/requests	08-ManageInformationTechnologyIt/8.7-CreateAndManageSupportServicesSolutions/8.7.8-OperateItUserSupport/20927-ResolveItIssuesRequests.mdx
8.7.8.6	20928	Execute IT continuity and recovery action	Execute	IT Continuity And Recovery Action	08-ManageInformationTechnologyIt/8.7-CreateAndManageSupportServicesSolutions/8.7.8-OperateItUserSupport/20928-ExecuteItContinuityAndRecoveryAction.mdx
